{
    "customCommands": {
        "31856220-f23b-11ec-b37a-53e40a317903": {
            "active": true,
            "simple": false,
            "sendCooldownMessage": true,
            "cooldownMessage": "This command is still on cooldown for: {timeLeft}",
            "cooldown": {
                "global": 15
            },
            "effects": {
                "id": "466293f4-f6ed-4abf-a3e5-caf2bc6217a1",
                "list": [
                    {
                        "id": "3aa90dcc-87c0-478d-99bd-06e7a0e74c64",
                        "type": "firebot:chat",
                        "message": "Today we are working on following the dopamine.",
                        "active": true
                    }
                ]
            },
            "restrictionData": {
                "restrictions": [],
                "mode": "all",
                "sendFailMessage": true,
                "failMessage": "Sorry, you cannot use this command because: {reason}"
            },
            "aliases": [],
            "sortTags": [],
            "trigger": "!project",
            "id": "31856220-f23b-11ec-b37a-53e40a317903",
            "createdBy": "krisnova",
            "createdAt": "2022-06-22T10:54:18-04:00",
            "count": 10,
            "description": "My current project",
            "lastEditBy": "krisnova",
            "lastEditAt": "2022-07-06T09:20:48-04:00"
        },
        "a81a7060-f23b-11ec-b37a-53e40a317903": {
            "active": true,
            "simple": false,
            "sendCooldownMessage": true,
            "cooldownMessage": "This command is still on cooldown for: {timeLeft}",
            "cooldown": {
                "global": 15
            },
            "effects": {
                "id": "51e6c78f-29c6-44c1-8244-e3d87fa635ea",
                "list": [
                    {
                        "id": "43fd9fd0-f23b-11ec-b37a-53e40a317903",
                        "type": "firebot:shoutout",
                        "active": true,
                        "shoutoutText": "Wonderful! Fantastic! Amazing! Handsome! Beautiful! Attractive! Intelligent! Charming!",
                        "showLastGame": true,
                        "bgColor1": "#000000",
                        "bgColor2": "#0b087e",
                        "textColor": "#ffffff",
                        "duration": "10",
                        "position": "Bottom Left",
                        "scale": 0.9,
                        "lastGameText": "Last seen streaming",
                        "customCoords": {
                            "top": 0,
                            "bottom": null,
                            "left": 0,
                            "right": null
                        },
                        "username": "$target"
                    }
                ]
            },
            "restrictionData": {
                "restrictions": [
                    {
                        "id": "07ef4f50-f242-11ec-b37a-53e40a317903",
                        "type": "firebot:permissions",
                        "mode": "roles",
                        "roleIds": [
                            "broadcaster",
                            "mod",
                            "sub"
                        ]
                    }
                ],
                "mode": "all",
                "sendFailMessage": true,
                "failMessage": "Sorry, you cannot use this command because: {reason}"
            },
            "aliases": [],
            "sortTags": [],
            "trigger": "!so",
            "id": "a81a7060-f23b-11ec-b37a-53e40a317903",
            "createdBy": "krisnova",
            "createdAt": "2022-06-22T10:57:37-04:00",
            "count": 20,
            "lastEditBy": "krisnova",
            "lastEditAt": "2022-07-08T07:41:15-04:00",
            "description": "Give a ShoutOut"
        },
        "deb62000-f23c-11ec-b37a-53e40a317903": {
            "active": true,
            "simple": false,
            "sendCooldownMessage": true,
            "cooldownMessage": "This command is still on cooldown for: {timeLeft}",
            "cooldown": {
                "global": 15
            },
            "effects": {
                "id": "8b787b32-bc86-4dda-b6b7-ac341d1ebf32",
                "list": [
                    {
                        "id": "eef998d0-f23b-11ec-b37a-53e40a317903",
                        "type": "firebot:chat",
                        "active": true,
                        "chatter": "Streamer",
                        "message": "The case is \"NavePoint 22U IT Wall Mount Network Server Data Cabinet\" ($550.00)\n\nhttps://www.amazon.com/dp/B01A6JQ5D0?psc=1&ref_=cm_sw_r_cp_ud_dp_PJ7305ZKYD85BABQJHET"
                    },
                    {
                        "id": "3492d3c0-f23c-11ec-b37a-53e40a317903",
                        "type": "firebot:chat",
                        "active": true,
                        "chatter": "Streamer",
                        "message": "EdgeRouter 10X \n\nhttps://store.ui.com/products/edgerouter-10x"
                    },
                    {
                        "id": "55344050-f23c-11ec-b37a-53e40a317903",
                        "type": "firebot:chat",
                        "active": true,
                        "chatter": "Streamer",
                        "message": "Supermicro SuperServer SYS-E300-9D\n\nhttps://opnsense.org/"
                    },
                    {
                        "id": "7d9b92f0-f23c-11ec-b37a-53e40a317903",
                        "type": "firebot:chat",
                        "active": true,
                        "chatter": "Streamer",
                        "message": "Dell POWEREDGE R630 \n\nhttps://i.dell.com/sites/doccontent/shared-content/data-sheets/en/documents/dell-poweredge-r630-spec-sheet.pdf"
                    },
                    {
                        "id": "9f4b8950-f23c-11ec-b37a-53e40a317903",
                        "type": "firebot:chat",
                        "active": true,
                        "chatter": "Streamer",
                        "message": "Unifi Switch 8 PoE (150W)\n\nhttps://store.ui.com/collections/unifi-network-switching/products/unifi-switch-8-150w"
                    },
                    {
                        "id": "bb44f1a0-f23c-11ec-b37a-53e40a317903",
                        "type": "firebot:chat",
                        "active": true,
                        "chatter": "Streamer",
                        "message": "Unifi Switch 48\nhttps://store.ui.com/collections/unifi-network-switching/products/unifi-switch-48"
                    },
                    {
                        "id": "d4d9dd10-f23c-11ec-b37a-53e40a317903",
                        "type": "firebot:chat",
                        "active": true,
                        "chatter": "Streamer",
                        "message": "Unifi Security Gateway \n\nhttps://store.ui.com/products/unifi-security-gateway"
                    }
                ]
            },
            "restrictionData": {
                "restrictions": [
                    {
                        "id": "2e014040-f242-11ec-b37a-53e40a317903",
                        "type": "firebot:permissions",
                        "mode": "roles",
                        "roleIds": [
                            "broadcaster",
                            "mod",
                            "sub"
                        ]
                    }
                ],
                "mode": "all",
                "sendFailMessage": true,
                "failMessage": "Sorry, you cannot use this command because: {reason}"
            },
            "aliases": [],
            "sortTags": [],
            "trigger": "!rack",
            "id": "deb62000-f23c-11ec-b37a-53e40a317903",
            "createdBy": "krisnova",
            "createdAt": "2022-06-22T11:06:19-04:00",
            "count": 4,
            "lastEditBy": "krisnova",
            "lastEditAt": "2022-07-05T09:23:12-04:00"
        },
        "2133ea20-f23d-11ec-b37a-53e40a317903": {
            "active": true,
            "simple": false,
            "sendCooldownMessage": true,
            "cooldownMessage": "This command is still on cooldown for: {timeLeft}",
            "cooldown": {
                "global": 15
            },
            "effects": {
                "id": "b87efc89-7ec7-4528-b6c1-c08e20e57980",
                "list": [
                    {
                        "id": "f98b7ab0-f23c-11ec-b37a-53e40a317903",
                        "type": "firebot:chat",
                        "active": true,
                        "chatter": "Streamer",
                        "message": "Official Twitter Thread on my Fonts: https://twitter.com/krisnova/status/1525447419441340419?s=20&t=2Kc_pozx8JRLpWSnMjKR1w"
                    },
                    {
                        "id": "03b3bac0-f23d-11ec-b37a-53e40a317903",
                        "type": "firebot:chat",
                        "active": true,
                        "chatter": "Streamer",
                        "message": "Terminus: https://github.com/Swordfish90/cool-retro-term/tree/master/app/qml/fonts/modern-terminus"
                    },
                    {
                        "id": "1a92fc10-f23d-11ec-b37a-53e40a317903",
                        "type": "firebot:chat",
                        "active": true,
                        "chatter": "Streamer",
                        "message": "White Rabbit: https://aur.archlinux.org/packages/ttf-whiterabbit"
                    }
                ]
            },
            "restrictionData": {
                "restrictions": [],
                "mode": "all",
                "sendFailMessage": true,
                "failMessage": "Sorry, you cannot use this command because: {reason}"
            },
            "aliases": [],
            "sortTags": [],
            "trigger": "!font",
            "id": "2133ea20-f23d-11ec-b37a-53e40a317903",
            "createdBy": "krisnova",
            "createdAt": "2022-06-22T11:08:10-04:00",
            "count": 2,
            "lastEditBy": "krisnova",
            "lastEditAt": "2022-07-05T09:35:15-04:00"
        },
        "0550c190-f240-11ec-b37a-53e40a317903": {
            "active": true,
            "simple": false,
            "sendCooldownMessage": true,
            "cooldownMessage": "This command is still on cooldown for: {timeLeft}",
            "cooldown": {
                "global": 15
            },
            "effects": {
                "id": "0ddcb13e-5980-402b-a857-cb7bffbc969e",
                "list": [
                    {
                        "id": "02ad3fe0-f240-11ec-b37a-53e40a317903",
                        "type": "firebot:chat",
                        "active": true,
                        "chatter": "Streamer",
                        "message": "- Don't be a dick.\n- No violence.\n- No fascism.\n- No colonialism.\n- No white supremacy.\n- No religious extremism.\n- No nationalism.\n- No racism.\n- No homophobia.\n- No transphobia.\n- Safe Space: LGTBQIA+\n- Safe Space: neurodivergent (ADHD, Aspie, Autism, etc)\n- No illegal hacking. No joking about it either."
                    }
                ]
            },
            "restrictionData": {
                "restrictions": [],
                "mode": "all",
                "sendFailMessage": true,
                "failMessage": "Sorry, you cannot use this command because: {reason}"
            },
            "aliases": [],
            "sortTags": [],
            "trigger": "!rules",
            "id": "0550c190-f240-11ec-b37a-53e40a317903",
            "createdBy": "krisnova",
            "createdAt": "2022-06-22T11:28:52-04:00",
            "count": 0
        },
        "dd2888e0-f241-11ec-b37a-53e40a317903": {
            "active": true,
            "simple": false,
            "sendCooldownMessage": true,
            "cooldownMessage": "This command is still on cooldown for: {timeLeft}",
            "cooldown": {
                "global": 15
            },
            "effects": {
                "id": "b8f6e007-0fe2-4d17-926c-2289f420bb6d",
                "list": [
                    {
                        "id": "d34e68d0-f241-11ec-b37a-53e40a317903",
                        "type": "firebot:chat",
                        "active": true,
                        "chatter": "Streamer",
                        "message": "I use CRT (cool-retro-term) https://github.com/Swordfish90/cool-retro-term"
                    }
                ]
            },
            "restrictionData": {
                "restrictions": [],
                "mode": "all",
                "sendFailMessage": true,
                "failMessage": "Sorry, you cannot use this command because: {reason}"
            },
            "aliases": [
                "!term"
            ],
            "sortTags": [],
            "trigger": "!terminal",
            "id": "dd2888e0-f241-11ec-b37a-53e40a317903",
            "createdBy": "krisnova",
            "createdAt": "2022-06-22T11:42:03-04:00",
            "count": 8,
            "lastEditBy": "krisnova",
            "lastEditAt": "2022-07-08T10:10:10-04:00"
        },
        "f332c6f0-f241-11ec-b37a-53e40a317903": {
            "active": true,
            "simple": false,
            "sendCooldownMessage": true,
            "cooldownMessage": "This command is still on cooldown for: {timeLeft}",
            "cooldown": {
                "global": 15
            },
            "effects": {
                "id": "771bff6c-425d-4ec6-b320-a1a2492c04c4",
                "list": [
                    {
                        "id": "44d054f0-f242-11ec-b37a-53e40a317903",
                        "type": "firebot:chat",
                        "active": true,
                        "chatter": "Streamer",
                        "message": "My favorite (sincerely) resource for learning Linux is the official Linux Manual (man) pages. \n\nhttps://linux.die.net/man/"
                    },
                    {
                        "id": "5e056d20-f242-11ec-b37a-53e40a317903",
                        "type": "firebot:chat",
                        "active": true,
                        "chatter": "Streamer",
                        "message": "To learn how the Linux kernel authors think about structuring code so you can predict how systems will work in C I suggest reading The Linux Programming Interface. \n\nISBN-10: 1593272200"
                    },
                    {
                        "id": "a9c11750-f242-11ec-b37a-53e40a317903",
                        "type": "firebot:chat",
                        "active": true,
                        "chatter": "Streamer",
                        "message": "Check out Bandit's wargame \"Over The Wire\".\n\nhttps://overthewire.org/wargames/bandit/"
                    },
                    {
                        "id": "b2bee120-f242-11ec-b37a-53e40a317903",
                        "type": "firebot:chat",
                        "active": true,
                        "chatter": "Streamer",
                        "message": "Install and run Linux. I suggest starting with Debian, Ubuntu, Linux Mint, Kali, or my personal favorite: Arch Linux."
                    },
                    {
                        "id": "d86a4810-f242-11ec-b37a-53e40a317903",
                        "type": "firebot:chat",
                        "active": true,
                        "chatter": "Streamer",
                        "message": "The best (generic) Linux docs can be found in the Arch Linux wiki. While some of this content is specific to Arch Linux, it is still very useful to most Linux distributions. https://wiki.archlinux.org/"
                    }
                ]
            },
            "restrictionData": {
                "restrictions": [],
                "mode": "all",
                "sendFailMessage": true,
                "failMessage": "Sorry, you cannot use this command because: {reason}"
            },
            "aliases": [],
            "sortTags": [],
            "trigger": "!linux",
            "description": "Learn about my favorite Linux resources.",
            "id": "f332c6f0-f241-11ec-b37a-53e40a317903",
            "createdBy": "krisnova",
            "createdAt": "2022-06-22T11:42:40-04:00",
            "count": 5,
            "lastEditBy": "krisnova",
            "lastEditAt": "2022-07-02T03:56:14-04:00"
        },
        "4895f300-f243-11ec-b37a-53e40a317903": {
            "active": true,
            "simple": false,
            "sendCooldownMessage": true,
            "cooldownMessage": "This command is still on cooldown for: {timeLeft}",
            "cooldown": {
                "global": 15
            },
            "effects": {
                "id": "53faa8dc-53b4-47fc-abea-d21cdca54d03",
                "list": [
                    {
                        "id": "3ac25e30-f243-11ec-b37a-53e40a317903",
                        "type": "firebot:chat",
                        "active": true,
                        "chatter": "Streamer",
                        "message": "I mostly use the Royalty Free Ambient playlist on Spotify: https://open.spotify.com/playlist/2rXjLHq8oysX4BUFm9NycG?si=eab8659d0bd3453b"
                    }
                ]
            },
            "restrictionData": {
                "restrictions": [],
                "mode": "all",
                "sendFailMessage": true,
                "failMessage": "Sorry, you cannot use this command because: {reason}"
            },
            "aliases": [
                "!ambient",
                "!playlist"
            ],
            "sortTags": [],
            "trigger": "!music",
            "id": "4895f300-f243-11ec-b37a-53e40a317903",
            "createdBy": "krisnova",
            "createdAt": "2022-06-22T11:52:13-04:00",
            "count": 6,
            "lastEditBy": "krisnova",
            "lastEditAt": "2022-07-08T10:26:17-04:00"
        },
        "95a2a020-f6d6-11ec-87cd-c72ab7a97d74": {
            "active": true,
            "simple": false,
            "sendCooldownMessage": true,
            "cooldownMessage": "This command is still on cooldown for: {timeLeft}",
            "cooldown": {
                "global": 15
            },
            "effects": {
                "id": "158c24b8-e561-4ea2-8a7d-c782a8404fea",
                "list": [
                    {
                        "id": "5ea41a90-f6d6-11ec-87cd-c72ab7a97d74",
                        "type": "firebot:celebration",
                        "active": true,
                        "length": "20",
                        "celebration": "Confetti"
                    },
                    {
                        "id": "65adb580-f6d6-11ec-87cd-c72ab7a97d74",
                        "type": "firebot:celebration",
                        "active": true,
                        "length": "15",
                        "celebration": "Fireworks"
                    },
                    {
                        "id": "6bc37a90-f6d6-11ec-87cd-c72ab7a97d74",
                        "type": "firebot:chat",
                        "active": true,
                        "chatter": "Streamer",
                        "message": "Puppy! Meet fjalljökulbjörn! Or \"Björn/Byurn\" to you and me. You can call him Barnaby."
                    }
                ]
            },
            "restrictionData": {
                "restrictions": [],
                "mode": "all",
                "sendFailMessage": true,
                "failMessage": "Sorry, you cannot use this command because: {reason}"
            },
            "aliases": [
                "!scratches",
                "!scritches",
                "!puppy"
            ],
            "sortTags": [],
            "trigger": "!dog",
            "id": "95a2a020-f6d6-11ec-87cd-c72ab7a97d74",
            "createdBy": "krisnova",
            "createdAt": "2022-06-28T07:36:43-04:00",
            "count": 12,
            "lastEditBy": "krisnova",
            "lastEditAt": "2022-07-08T10:05:05-04:00",
            "description": "Meet my puppy!"
        },
        "797eaff0-f6d7-11ec-87cd-c72ab7a97d74": {
            "active": true,
            "simple": false,
            "sendCooldownMessage": true,
            "cooldownMessage": "This command is still on cooldown for: {timeLeft}",
            "cooldown": {
                "global": 15
            },
            "effects": {
                "id": "d103d716-df32-4981-8c24-2401d1fd13c1",
                "list": [
                    {
                        "id": "6894b360-f6d7-11ec-87cd-c72ab7a97d74",
                        "type": "firebot:chat",
                        "active": true,
                        "chatter": "Streamer",
                        "message": "https://discord.gg/pMtuhDJ54a"
                    }
                ]
            },
            "restrictionData": {
                "restrictions": [],
                "mode": "all",
                "sendFailMessage": true,
                "failMessage": "Sorry, you cannot use this command because: {reason}"
            },
            "aliases": [],
            "sortTags": [],
            "trigger": "!discord",
            "description": "Learn about our discord!",
            "id": "797eaff0-f6d7-11ec-87cd-c72ab7a97d74",
            "createdBy": "krisnova",
            "createdAt": "2022-06-28T07:43:05-04:00",
            "count": 5,
            "lastEditBy": "krisnova",
            "lastEditAt": "2022-07-01T08:07:49-04:00"
        },
        "743cae40-f6da-11ec-87cd-c72ab7a97d74": {
            "active": true,
            "simple": false,
            "sendCooldownMessage": true,
            "cooldownMessage": "This command is still on cooldown for: {timeLeft}",
            "cooldown": {
                "global": 15
            },
            "effects": {
                "id": "7d7a9399-2cc1-4054-a4b1-a4adc737716c",
                "list": [
                    {
                        "id": "58a0a830-f6da-11ec-87cd-c72ab7a97d74",
                        "type": "firebot:chat",
                        "active": true,
                        "chatter": "Streamer",
                        "message": "Go Goland (https://www.jetbrains.com/go/)"
                    },
                    {
                        "id": "682c7450-f6da-11ec-87cd-c72ab7a97d74",
                        "type": "firebot:chat",
                        "active": true,
                        "chatter": "Streamer",
                        "message": "C CLion (https://www.jetbrains.com/clion/)"
                    }
                ]
            },
            "restrictionData": {
                "restrictions": [],
                "mode": "all",
                "sendFailMessage": true,
                "failMessage": "Sorry, you cannot use this command because: {reason}"
            },
            "aliases": [
                "!editor"
            ],
            "sortTags": [],
            "trigger": "!ide",
            "description": "Learn about my IDE",
            "id": "743cae40-f6da-11ec-87cd-c72ab7a97d74",
            "createdBy": "krisnova",
            "createdAt": "2022-06-28T08:04:25-04:00",
            "count": 10,
            "lastEditBy": "krisnova",
            "lastEditAt": "2022-07-08T10:09:59-04:00"
        },
        "65776cd0-f6e2-11ec-87cd-c72ab7a97d74": {
            "active": true,
            "simple": false,
            "sendCooldownMessage": true,
            "cooldownMessage": "This command is still on cooldown for: {timeLeft}",
            "cooldown": {},
            "effects": {
                "id": "3061bc6b-76a0-4664-ba7d-a714ca33e25e",
                "list": [
                    {
                        "id": "5edc7230-f6e2-11ec-87cd-c72ab7a97d74",
                        "type": "firebot:chat",
                        "active": true,
                        "chatter": "Streamer",
                        "message": "https://hachyderm.io"
                    }
                ]
            },
            "restrictionData": {
                "restrictions": [],
                "mode": "all",
                "sendFailMessage": true,
                "failMessage": "Sorry, you cannot use this command because: {reason}"
            },
            "aliases": [
                "!toot"
            ],
            "sortTags": [],
            "trigger": "!mastodon",
            "description": "Learn about our mastodon instance.",
            "id": "65776cd0-f6e2-11ec-87cd-c72ab7a97d74",
            "createdBy": "krisnova",
            "createdAt": "2022-06-28T09:01:16-04:00",
            "count": 6,
            "lastEditBy": "krisnova",
            "lastEditAt": "2022-07-05T09:24:04-04:00"
        },
        "670a65a0-f7a2-11ec-ac74-27dba7c8e66c": {
            "active": true,
            "simple": false,
            "sendCooldownMessage": true,
            "cooldownMessage": "This command is still on cooldown for: {timeLeft}",
            "cooldown": {
                "global": 15
            },
            "effects": {
                "id": "83087ff9-bf1c-4608-84ee-d0a01c0f9e06",
                "list": [
                    {
                        "id": "64ed5200-f7a2-11ec-ac74-27dba7c8e66c",
                        "type": "firebot:chat",
                        "active": true,
                        "chatter": "Streamer",
                        "message": "https://hackmd.io/Xmrfre5OShSrfXUFUL9QWQ"
                    }
                ]
            },
            "restrictionData": {
                "restrictions": [],
                "mode": "all",
                "sendFailMessage": true,
                "failMessage": "Sorry, you cannot use this command because: {reason}"
            },
            "aliases": [],
            "sortTags": [],
            "trigger": "!notes",
            "description": "Look at our collaborative live stream note pad (log in with github)",
            "id": "670a65a0-f7a2-11ec-ac74-27dba7c8e66c",
            "createdBy": "krisnova",
            "createdAt": "2022-06-29T07:55:42-04:00",
            "count": 2,
            "lastEditBy": "krisnova",
            "lastEditAt": "2022-07-06T08:25:09-04:00"
        },
        "716378b0-f7ad-11ec-ac74-27dba7c8e66c": {
            "active": true,
            "simple": false,
            "sendCooldownMessage": true,
            "cooldownMessage": "This command is still on cooldown for: {timeLeft}",
            "cooldown": {
                "global": 15
            },
            "effects": {
                "id": "018c65ff-85a5-429d-a359-8949855200f3",
                "list": [
                    {
                        "id": "670cae90-f7ad-11ec-ac74-27dba7c8e66c",
                        "type": "firebot:chat",
                        "active": true,
                        "chatter": "Streamer",
                        "message": "https://github.com/kris-nova/boopkit"
                    }
                ]
            },
            "restrictionData": {
                "restrictions": [],
                "mode": "all",
                "sendFailMessage": true,
                "failMessage": "Sorry, you cannot use this command because: {reason}"
            },
            "aliases": [
                "!boopkit"
            ],
            "sortTags": [],
            "trigger": "!boop",
            "description": "Learn",
            "id": "716378b0-f7ad-11ec-ac74-27dba7c8e66c",
            "createdBy": "krisnova",
            "createdAt": "2022-06-29T09:14:44-04:00",
            "count": 1,
            "lastEditBy": "krisnova",
            "lastEditAt": "2022-06-29T09:15:09-04:00"
        },
        "a96cb440-f86d-11ec-a831-d3d1862e0a81": {
            "active": true,
            "simple": false,
            "sendCooldownMessage": true,
            "cooldownMessage": "This command is still on cooldown for: {timeLeft}",
            "cooldown": {
                "global": 15
            },
            "effects": {
                "id": "933090bf-5f96-40a3-a6d9-3ebdbd1e698a",
                "list": [
                    {
                        "id": "86405710-f86d-11ec-a831-d3d1862e0a81",
                        "type": "firebot:chat",
                        "active": true,
                        "chatter": "Streamer",
                        "message": "Please consider donating to my small fund to help with infrastructure costs, groceries, and making me feel good about my stream. \n\nhttps://ko-fi.com/krisnovalive"
                    },
                    {
                        "id": "9eaaa530-f86d-11ec-a831-d3d1862e0a81",
                        "type": "firebot:celebration",
                        "active": true,
                        "length": 5,
                        "celebration": "Fireworks"
                    }
                ]
            },
            "restrictionData": {
                "restrictions": [],
                "mode": "all",
                "sendFailMessage": true,
                "failMessage": "Sorry, you cannot use this command because: {reason}"
            },
            "aliases": [
                "!donate",
                "!fund",
                "!$$$"
            ],
            "sortTags": [],
            "trigger": "!stonks",
            "id": "a96cb440-f86d-11ec-a831-d3d1862e0a81",
            "createdBy": "krisnova",
            "createdAt": "2022-06-30T08:10:41-04:00",
            "count": 2,
            "lastEditBy": "krisnova",
            "lastEditAt": "2022-06-30T08:13:30-04:00"
        },
        "a5391970-f92d-11ec-b6c2-47ab8dae59f7": {
            "active": true,
            "simple": false,
            "sendCooldownMessage": true,
            "cooldownMessage": "This command is still on cooldown for: {timeLeft}",
            "cooldown": {
                "global": 15
            },
            "effects": {
                "id": "f2c775dd-996c-46db-81b8-a5572852ee4c",
                "list": [
                    {
                        "id": "a3023c40-f92d-11ec-b6c2-47ab8dae59f7",
                        "type": "firebot:chat",
                        "active": true,
                        "chatter": "Streamer",
                        "message": "https://infosecstreams.github.io/"
                    }
                ]
            },
            "restrictionData": {
                "restrictions": [],
                "mode": "all",
                "sendFailMessage": true,
                "failMessage": "Sorry, you cannot use this command because: {reason}"
            },
            "aliases": [],
            "sortTags": [],
            "trigger": "!streams",
            "description": "View the official info sec streams page!",
            "id": "a5391970-f92d-11ec-b6c2-47ab8dae59f7",
            "createdBy": "krisnova",
            "createdAt": "2022-07-01T07:04:58-04:00",
            "count": 1,
            "lastEditBy": "krisnova",
            "lastEditAt": "2022-07-01T07:05:12-04:00"
        },
        "1c8b8aa0-f936-11ec-b6c2-47ab8dae59f7": {
            "active": true,
            "simple": false,
            "sendCooldownMessage": true,
            "cooldownMessage": "This command is still on cooldown for: {timeLeft}",
            "cooldown": {
                "global": 15
            },
            "effects": {
                "id": "79f8d33c-6718-4f2d-a54c-5d3cff502896",
                "list": [
                    {
                        "id": "14f259e0-f936-11ec-b6c2-47ab8dae59f7",
                        "type": "firebot:chat",
                        "active": true,
                        "chatter": "Streamer",
                        "message": "https://twiter.com/krisnova"
                    }
                ]
            },
            "restrictionData": {
                "restrictions": [],
                "mode": "all",
                "sendFailMessage": true,
                "failMessage": "Sorry, you cannot use this command because: {reason}"
            },
            "aliases": [],
            "sortTags": [],
            "trigger": "!twitter",
            "description": "Follow me on Twitter",
            "id": "1c8b8aa0-f936-11ec-b6c2-47ab8dae59f7",
            "createdBy": "krisnova",
            "createdAt": "2022-07-01T08:05:34-04:00",
            "count": 1,
            "lastEditBy": "krisnova",
            "lastEditAt": "2022-07-01T08:05:38-04:00"
        },
        "40269d20-fac0-11ec-8a38-253c33c0e739": {
            "active": true,
            "simple": false,
            "sendCooldownMessage": true,
            "cooldownMessage": "This command is still on cooldown for: {timeLeft}",
            "cooldown": {
                "global": 30
            },
            "effects": {
                "id": "5f1bcc2d-2135-4f06-a564-245171ec7352",
                "list": [
                    {
                        "id": "26e66160-fac0-11ec-8a38-253c33c0e739",
                        "type": "firebot:runcommand",
                        "active": true,
                        "commandType": "custom",
                        "commandId": "797eaff0-f6d7-11ec-87cd-c72ab7a97d74"
                    },
                    {
                        "id": "33a5a000-fac0-11ec-8a38-253c33c0e739",
                        "type": "firebot:runcommand",
                        "active": true,
                        "commandType": "custom",
                        "commandId": "65776cd0-f6e2-11ec-87cd-c72ab7a97d74"
                    },
                    {
                        "id": "3b124280-fac0-11ec-8a38-253c33c0e739",
                        "type": "firebot:runcommand",
                        "active": true,
                        "commandType": "custom",
                        "commandId": "1c8b8aa0-f936-11ec-b6c2-47ab8dae59f7"
                    }
                ]
            },
            "restrictionData": {
                "restrictions": [],
                "mode": "all",
                "sendFailMessage": true,
                "failMessage": "Sorry, you cannot use this command because: {reason}"
            },
            "aliases": [
                "!bye",
                "!goodbye"
            ],
            "sortTags": [],
            "trigger": "!social",
            "id": "40269d20-fac0-11ec-8a38-253c33c0e739",
            "createdBy": "krisnova",
            "createdAt": "2022-07-03T07:06:55-04:00",
            "count": 5,
            "lastEditBy": "krisnova",
            "lastEditAt": "2022-07-08T09:46:15-04:00"
        },
        "1de64540-face-11ec-8a38-253c33c0e739": {
            "active": true,
            "simple": false,
            "sendCooldownMessage": true,
            "cooldownMessage": "This command is still on cooldown for: {timeLeft}",
            "cooldown": {},
            "effects": {
                "id": "dd97321b-a46f-4e09-8e7d-baca8ce24702",
                "list": [
                    {
                        "id": "e327f890-facd-11ec-8a38-253c33c0e739",
                        "type": "firebot:chat",
                        "active": true,
                        "chatter": "Streamer",
                        "message": "Please do not misgender me. Please do not say words like \"bro, dude, him, guy, buddy, etc\".\n\nI don't care how you meant it. Please respect my boundaries."
                    },
                    {
                        "id": "07419bf0-face-11ec-8a38-253c33c0e739",
                        "type": "firebot:chat",
                        "active": true,
                        "chatter": "Streamer",
                        "message": "My pronouns are she/her"
                    },
                    {
                        "id": "0f125770-face-11ec-8a38-253c33c0e739",
                        "type": "firebot:chat",
                        "active": true,
                        "chatter": "Streamer",
                        "message": "I don't want to have a discussion about pronouns. I only need to know yours if it looks like I will be speaking directly to you."
                    }
                ]
            },
            "restrictionData": {
                "restrictions": [],
                "mode": "all",
                "sendFailMessage": true,
                "failMessage": "Sorry, you cannot use this command because: {reason}"
            },
            "aliases": [
                "!misgender",
                "!gender"
            ],
            "sortTags": [],
            "trigger": "!pronouns",
            "id": "1de64540-face-11ec-8a38-253c33c0e739",
            "createdBy": "krisnova",
            "createdAt": "2022-07-03T08:46:11-04:00",
            "count": 0
        },
        "59471ad0-fb8f-11ec-b3f2-b77de1a07cdc": {
            "active": true,
            "simple": false,
            "sendCooldownMessage": true,
            "cooldownMessage": "This command is still on cooldown for: {timeLeft}",
            "cooldown": {
                "global": 15
            },
            "effects": {
                "id": "a9278c39-b796-4a4e-83ac-7ba7c024b108",
                "list": [
                    {
                        "id": "49c47670-fb8f-11ec-b3f2-b77de1a07cdc",
                        "type": "firebot:celebration",
                        "active": true,
                        "length": "35",
                        "celebration": "Fireworks"
                    },
                    {
                        "id": "528a4050-fb8f-11ec-b3f2-b77de1a07cdc",
                        "type": "firebot:runcommand",
                        "active": true,
                        "commandType": "custom",
                        "username": "",
                        "commandId": "a81a7060-f23b-11ec-b37a-53e40a317903",
                        "args": "krisnova"
                    }
                ]
            },
            "restrictionData": {
                "restrictions": [],
                "mode": "all",
                "sendFailMessage": true,
                "failMessage": "Sorry, you cannot use this command because: {reason}"
            },
            "aliases": [
                "!coffee"
            ],
            "sortTags": [],
            "trigger": "!morning",
            "description": "Good morning!",
            "id": "59471ad0-fb8f-11ec-b3f2-b77de1a07cdc",
            "createdBy": "krisnova",
            "createdAt": "2022-07-04T07:49:23-04:00",
            "count": 3,
            "lastEditBy": "krisnova",
            "lastEditAt": "2022-07-05T09:02:38-04:00"
        }
    }
}