{
    "mainEvents": [
        {
            "name": "Raid",
            "active": true,
            "cached": true,
            "sortTags": [],
            "eventId": "raid",
            "sourceId": "twitch",
            "effects": {
                "list": [
                    {
                        "id": "69a11de0-f243-11ec-b37a-53e40a317903",
                        "type": "firebot:celebration",
                        "active": true,
                        "length": "15",
                        "celebration": "Fireworks"
                    },
                    {
                        "id": "742623f0-f243-11ec-b37a-53e40a317903",
                        "type": "firebot:runcommand",
                        "active": true,
                        "commandType": "custom",
                        "commandId": "a81a7060-f23b-11ec-b37a-53e40a317903",
                        "args": "$user"
                    }
                ],
                "id": "63a59790-f243-11ec-b37a-53e40a317903"
            },
            "filterData": {
                "mode": "exclusive",
                "filters": []
            },
            "id": "845b4f70-f243-11ec-b37a-53e40a317903"
        }
    ]
}