{
    "streamer": {
        "username": "krisnova",
        "displayName": "KrisNova",
        "channelId": "108589908",
        "userId": "108589908",
        "avatar": "https://static-cdn.jtvnw.net/jtv_user_pictures/73a3c29b-46d7-49e0-81e8-65e974a5b2a6-profile_image-300x300.png",
        "broadcasterType": "affiliate",
        "auth": {
            "access_token": "mkzua1224bfgtg8zvwy5acgmuhzu7b",
            "expires_in": 14912,
            "refresh_token": "ww4bys0tro1wbbuajuk4wgf9pdjtde5wbphi32ykshh9o8j2x6",
            "scope": [
                "bits:read",
                "channel:edit:commercial",
                "channel:manage:redemptions",
                "channel:moderate",
                "channel:read:hype_train",
                "channel:read:redemptions",
                "channel:read:subscriptions",
                "channel_commercial",
                "channel_editor",
                "channel_read",
                "channel_subscriptions",
                "chat:edit",
                "chat:read",
                "clips:edit",
                "moderation:read",
                "user:edit:broadcast",
                "user:manage:blocked_users",
                "user:read:broadcast",
                "user_follows_edit",
                "user_read",
                "user_subscriptions",
                "whispers:edit",
                "whispers:read"
            ],
            "token_type": "bearer",
            "expires_at": "2022-07-18T14:35:10.247Z"
        },
        "loggedIn": true
    }
}